Workbook

Sheet README
A1: Uzbekistan SPI v4.0 — Numerical Claims Register
A3: Field | B3: Value
A4: Report | B4: SPI Final Report — 10.09.2026
A5: World Bank release | B5: v4.0 — 202511 SPI Update
A6: Pinned commit | B6: 2dd02f746cb4e2159281adc74d6865f948e90ce1
A7: Primary file | B7: 03_output_data/SPI_index.csv
A8: Primary source URL | B8: https://raw.githubusercontent.com/worldbank/SPI/2dd02f746cb4e2159281adc74d6865f948e90ce1/03_output_data/SPI_index.csv
A9: Computation code URL | B9: https://raw.githubusercontent.com/worldbank/SPI/2dd02f746cb4e2159281adc74d6865f948e90ce1/02_programs/02-SPI_index.Rmd
A10: Register purpose | B10: Linking key numerical claims in the Word report to the source data and independent recalculation
A11: Status interpretation | B11: PASS = project value matches the source/recalculation at the stated precision; CHECK = requires review
A13: How to use this register
A14: 1 | B14: Locate the claim in the Word report using Claim_ID.
A15: 2 | B15: Identify the field in the pinned source using WB_file and WB_variable.
A16: 3 | B16: The Difference and Status formulas compare the project value with the source/recalculated value.
A17: 4 | B17: Conditional scenarios are not an official forecast; they are based on the SPI aggregation formula.

Sheet Claims_Register
A1: Claim_ID | B1: Document_section | C1: Paragraph | D1: Table_no | E1: Row_name | F1: Year | G1: Project_value | H1: WB_file | I1: WB_variable | J1: WB_value | K1: Rounding_rule | L1: Difference | M1: Status | N1: Source_commit | O1: Source_url | P1: Note | Q1: Tolerance
A2: C001 | B2: Foreword / Chapter 2 | C2: Headline 2023 value | D2: Table 4 | E2: P1 — Data Use | F2: 2023 | G2: 90 | H2: 03_output_data/SPI_index.csv | I2: SPI.INDEX.PIL1 | J2: 90 | K2: 2 decimals | L2: =IF(OR(G2="",J2=""),"",G2-J2) | M2: =IF(AND(ISNUMBER(G2),ISNUMBER(J2)),IF(ABS(G2-J2)<=Q2,"PASS","CHECK"),"N/A") | N2: 2dd02f746cb4e2159281adc74d6865f948e90ce1 | O2: https://raw.githubusercontent.com/worldbank/SPI/2dd02f746cb4e2159281adc74d6865f948e90ce1/03_output_data/SPI_index.csv | Q2: 0.005
A3: C002 | B3: Foreword / Chapter 2 | C3: Headline 2024 value | D3: Table 4 | E3: P1 — Data Use | F3: 2024 | G3: 90 | H3: 03_output_data/SPI_index.csv | I3: SPI.INDEX.PIL1 | J3: 90 | K3: 2 decimals | L3: =IF(OR(G3="",J3=""),"",G3-J3) | M3: =IF(AND(ISNUMBER(G3),ISNUMBER(J3)),IF(ABS(G3-J3)<=Q3,"PASS","CHECK"),"N/A") | N3: 2dd02f746cb4e2159281adc74d6865f948e90ce1 | O3: https://raw.githubusercontent.com/worldbank/SPI/2dd02f746cb4e2159281adc74d6865f948e90ce1/03_output_data/SPI_index.csv | Q3: 0.005
A4: C003 | B4: Foreword / Chapter 2 | C4: Headline 2023 value | D4: Table 4 | E4: P2 — Data Services | F4: 2023 | G4: 76.63 | H4: 03_output_data/SPI_index.csv | I4: SPI.INDEX.PIL2 | J4: 76.633333 | K4: 2 decimals | L4: =IF(OR(G4="",J4=""),"",G4-J4) | M4: =IF(AND(ISNUMBER(G4),ISNUMBER(J4)),IF(ABS(G4-J4)<=Q4,"PASS","CHECK"),"N/A") | N4: 2dd02f746cb4e2159281adc74d6865f948e90ce1 | O4: https://raw.githubusercontent.com/worldbank/SPI/2dd02f746cb4e2159281adc74d6865f948e90ce1/03_output_data/SPI_index.csv | Q4: 0.005
A5: C004 | B5: Foreword / Chapter 2 | C5: Headline 2024 value | D5: Table 4 | E5: P2 — Data Services | F5: 2024 | G5: 79.13 | H5: 03_output_data/SPI_index.csv | I5: SPI.INDEX.PIL2 | J5: 79.133333 | K5: 2 decimals | L5: =IF(OR(G5="",J5=""),"",G5-J5) | M5: =IF(AND(ISNUMBER(G5),ISNUMBER(J5)),IF(ABS(G5-J5)<=Q5,"PASS","CHECK"),"N/A") | N5: 2dd02f746cb4e2159281adc74d6865f948e90ce1 | O5: https://raw.githubusercontent.com/worldbank/SPI/2dd02f746cb4e2159281adc74d6865f948e90ce1/03_output_data/SPI_index.csv | Q5: 0.005
A6: C005 | B6: Foreword / Chapter 2 | C6: Headline 2023 value | D6: Table 4 | E6: P3 — Data Products | F6: 2023 | G6: 85.04 | H6: 03_output_data/SPI_index.csv | I6: SPI.INDEX.PIL3 | J6: 85.04375 | K6: 2 decimals | L6: =IF(OR(G6="",J6=""),"",G6-J6) | M6: =IF(AND(ISNUMBER(G6),ISNUMBER(J6)),IF(ABS(G6-J6)<=Q6,"PASS","CHECK"),"N/A") | N6: 2dd02f746cb4e2159281adc74d6865f948e90ce1 | O6: https://raw.githubusercontent.com/worldbank/SPI/2dd02f746cb4e2159281adc74d6865f948e90ce1/03_output_data/SPI_index.csv | Q6: 0.005
A7: C006 | B7: Foreword / Chapter 2 | C7: Headline 2024 value | D7: Table 4 | E7: P3 — Data Products | F7: 2024 | G7: 80.11 | H7: 03_output_data/SPI_index.csv | I7: SPI.INDEX.PIL3 | J7: 80.1125 | K7: 2 decimals | L7: =IF(OR(G7="",J7=""),"",G7-J7) | M7: =IF(AND(ISNUMBER(G7),ISNUMBER(J7)),IF(ABS(G7-J7)<=Q7,"PASS","CHECK"),"N/A") | N7: 2dd02f746cb4e2159281adc74d6865f948e90ce1 | O7: https://raw.githubusercontent.com/worldbank/SPI/2dd02f746cb4e2159281adc74d6865f948e90ce1/03_output_data/SPI_index.csv | Q7: 0.005
A8: C007 | B8: Foreword / Chapter 2 | C8: Headline 2023 value | D8: Table 4 | E8: P4 — Data Sources | F8: 2023 | G8: 63.28 | H8: 03_output_data/SPI_index.csv | I8: SPI.INDEX.PIL4 | J8: 63.283333 | K8: 2 decimals | L8: =IF(OR(G8="",J8=""),"",G8-J8) | M8: =IF(AND(ISNUMBER(G8),ISNUMBER(J8)),IF(ABS(G8-J8)<=Q8,"PASS","CHECK"),"N/A") | N8: 2dd02f746cb4e2159281adc74d6865f948e90ce1 | O8: https://raw.githubusercontent.com/worldbank/SPI/2dd02f746cb4e2159281adc74d6865f948e90ce1/03_output_data/SPI_index.csv | Q8: 0.005
A9: C008 | B9: Foreword / Chapter 2 | C9: Headline 2024 value | D9: Table 4 | E9: P4 — Data Sources | F9: 2024 | G9: 68.21 | H9: 03_output_data/SPI_index.csv | I9: SPI.INDEX.PIL4 | J9: 68.208333 | K9: 2 decimals | L9: =IF(OR(G9="",J9=""),"",G9-J9) | M9: =IF(AND(ISNUMBER(G9),ISNUMBER(J9)),IF(ABS(G9-J9)<=Q9,"PASS","CHECK"),"N/A") | N9: 2dd02f746cb4e2159281adc74d6865f948e90ce1 | O9: https://raw.githubusercontent.com/worldbank/SPI/2dd02f746cb4e2159281adc74d6865f948e90ce1/03_output_data/SPI_index.csv | Q9: 0.005
A10: C009 | B10: Foreword / Chapter 2 | C10: Headline 2023 value | D10: Table 4 | E10: P5 — Data Infrastructure | F10: 2023 | G10: 95 | H10: 03_output_data/SPI_index.csv | I10: SPI.INDEX.PIL5 | J10: 95 | K10: 2 decimals | L10: =IF(OR(G10="",J10=""),"",G10-J10) | M10: =IF(AND(ISNUMBER(G10),ISNUMBER(J10)),IF(ABS(G10-J10)<=Q10,"PASS","CHECK"),"N/A") | N10: 2dd02f746cb4e2159281adc74d6865f948e90ce1 | O10: https://raw.githubusercontent.com/worldbank/SPI/2dd02f746cb4e2159281adc74d6865f948e90ce1/03_output_data/SPI_index.csv | Q10: 0.005
A11: C010 | B11: Foreword / Chapter 2 | C11: Headline 2024 value | D11: Table 4 | E11: P5 — Data Infrastructure | F11: 2024 | G11: 90 | H11: 03_output_data/SPI_index.csv | I11: SPI.INDEX.PIL5 | J11: 90 | K11: 2 decimals | L11: =IF(OR(G11="",J11=""),"",G11-J11) | M11: =IF(AND(ISNUMBER(G11),ISNUMBER(J11)),IF(ABS(G11-J11)<=Q11,"PASS","CHECK"),"N/A") | N11: 2dd02f746cb4e2159281adc74d6865f948e90ce1 | O11: https://raw.githubusercontent.com/worldbank/SPI/2dd02f746cb4e2159281adc74d6865f948e90ce1/03_output_data/SPI_index.csv | Q11: 0.005
A12: C011 | B12: Foreword / Chapter 2 | C12: Headline 2023 value | D12: Table 4 | E12: Overall SPI | F12: 2023 | G12: 81.99 | H12: 03_output_data/SPI_index.csv | I12: SPI.INDEX | J12: 81.992083 | K12: 2 decimals | L12: =IF(OR(G12="",J12=""),"",G12-J12) | M12: =IF(AND(ISNUMBER(G12),ISNUMBER(J12)),IF(ABS(G12-J12)<=Q12,"PASS","CHECK"),"N/A") | N12: 2dd02f746cb4e2159281adc74d6865f948e90ce1 | O12: https://raw.githubusercontent.com/worldbank/SPI/2dd02f746cb4e2159281adc74d6865f948e90ce1/03_output_data/SPI_index.csv | Q12: 0.005
A13: C012 | B13: Foreword / Chapter 2 | C13: Headline 2024 value | D13: Table 4 | E13: Overall SPI | F13: 2024 | G13: 81.49 | H13: 03_output_data/SPI_index.csv | I13: SPI.INDEX | J13: 81.490833 | K13: 2 decimals | L13: =IF(OR(G13="",J13=""),"",G13-J13) | M13: =IF(AND(ISNUMBER(G13),ISNUMBER(J13)),IF(ABS(G13-J13)<=Q13,"PASS","CHECK"),"N/A") | N13: 2dd02f746cb4e2159281adc74d6865f948e90ce1 | O13: https://raw.githubusercontent.com/worldbank/SPI/2dd02f746cb4e2159281adc74d6865f948e90ce1/03_output_data/SPI_index.csv | Q13: 0.005
... A49: C048 | B49: Chapter 3 | C49: 2024 international comparison | D49: Table 9 | E49: Norway — overall SPI | F49: 2024 | G49: 94.14 | H49: 03_output_data/SPI_index.csv | I49: SPI.INDEX | J49: 94.14 | K49: 2 decimals | L49: =IF(OR(G49="",J49=""),"",G49-J49) | M49: =IF(AND(ISNUMBER(G49),ISNUMBER(J49)),IF(ABS(G49-J49)<=Q49,"PASS","CHECK"),"N/A") | N49: 2dd02f746cb4e2159281adc74d6865f948e90ce1 | O49: https://raw.githubusercontent.com/worldbank/SPI/2dd02f746cb4e2159281adc74d6865f948e90ce1/03_output_data/SPI_index.csv | Q49: 0.005
A50: C049 | B50: Chapter 3 | C50: Rank recomputed among 188 economies | D50: Table 9 | E50: Norway — rank | F50: 2024 | G50: 1 | H50: 03_output_data/SPI_index.csv | I50: rank(desc SPI.INDEX) | J50: 1 | K50: integer | L50: =IF(OR(G50="",J50=""),"",G50-J50) | M50: =IF(AND(ISNUMBER(G50),ISNUMBER(J50)),IF(ABS(G50-J50)<=Q50,"PASS","CHECK"),"N/A") | N50: 2dd02f746cb4e2159281adc74d6865f948e90ce1 | O50: https://raw.githubusercontent.com/worldbank/SPI/2dd02f746cb4e2159281adc74d6865f948e90ce1/03_output_data/SPI_index.csv | P50: Rank recomputed among the 188 economies with a non-missing SPI.INDEX value in 2024. | Q50: 0
A51: C050 | B51: Chapter 3 | C51: 2024 international comparison | D51: Table 9 | E51: Korea, Rep. — overall SPI | F51: 2024 | G51: 91.57 | H51: 03_output_data/SPI_index.csv | I51: SPI.INDEX | J51: 91.57 | K51: 2 decimals | L51: =IF(OR(G51="",J51=""),"",G51-J51) | M51: =IF(AND(ISNUMBER(G51),ISNUMBER(J51)),IF(ABS(G51-J51)<=Q51,"PASS","CHECK"),"N/A") | N51: 2dd02f746cb4e2159281adc74d6865f948e90ce1 | O51: https://raw.githubusercontent.com/worldbank/SPI/2dd02f746cb4e2159281adc74d6865f948e90ce1/03_output_data/SPI_index.csv | Q51: 0.005
A52: C051 | B52: Chapter 3 | C52: Rank recomputed among 188 economies | D52: Table 9 | E52: Korea, Rep. — rank | F52: 2024 | G52: 7 | H52: 03_output_data/SPI_index.csv | I52: rank(desc SPI.INDEX) | J52: 7 | K52: integer | L52: =IF(OR(G52="",J52=""),"",G52-J52) | M52: =IF(AND(ISNUMBER(G52),ISNUMBER(J52)),IF(ABS(G52-J52)<=Q52,"PASS","CHECK"),"N/A") | N52: 2dd02f746cb4e2159281adc74d6865f948e90ce1 | O52: https://raw.githubusercontent.com/worldbank/SPI/2dd02f746cb4e2159281adc74d6865f948e90ce1/03_output_data/SPI_index.csv | P52: Rank recomputed among the 188 economies with a non-missing SPI.INDEX value in 2024. | Q52: 0
A53: C052 | B53: Chapter 3 | C53: 2024 international comparison | D53: Table 9 | E53: Finland — overall SPI | F53: 2024 | G53: 90.37 | H53: 03_output_data/SPI_index.csv | I53: SPI.INDEX | J53: 90.37 | K53: 2 decimals | L53: =IF(OR(G53="",J53=""),"",G53-J53) | M53: =IF(AND(ISNUMBER(G53),ISNUMBER(J53)),IF(ABS(G53-J53)<=Q53,"PASS","CHECK"),"N/A") | N53: 2dd02f746cb4e2159281adc74d6865f948e90ce1 | O53: https://raw.githubusercontent.com/worldbank/SPI/2dd02f746cb4e2159281adc74d6865f948e90ce1/03_output_data/SPI_index.csv | Q53: 0.005
A54: C053 | B54: Chapter 3 | C54: Rank recomputed among 188 economies | D54: Table 9 | E54: Finland — rank | F54: 2024 | G54: 16 | H54: 03_output_data/SPI_index.csv | I54: rank(desc SPI.INDEX) | J54: 16 | K54: integer | L54: =IF(OR(G54="",J54=""),"",G54-J54) | M54: =IF(AND(ISNUMBER(G54),ISNUMBER(J54)),IF(ABS(G54-J54)<=Q54,"PASS","CHECK"),"N/A") | N54: 2dd02f746cb4e2159281adc74d6865f948e90ce1 | O54: https://raw.githubusercontent.com/worldbank/SPI/2dd02f746cb4e2159281adc74d6865f948e90ce1/03_output_data/SPI_index.csv | P54: Rank recomputed among the 188 economies with a non-missing SPI.INDEX value in 2024. | Q54: 0
A55: C054 | B55: Chapter 3 | C55: 2024 international comparison | D55: Table 9 | E55: Georgia — overall SPI | F55: 2024 | G55: 87.72 | H55: 03_output_data/SPI_index.csv | I55: SPI.INDEX | J55: 87.72 | K55: 2 decimals | L55: =IF(OR(G55="",J55=""),"",G55-J55) | M55: =IF(AND(ISNUMBER(G55),ISNUMBER(J55)),IF(ABS(G55-J55)<=Q55,"PASS","CHECK"),"N/A") | N55: 2dd02f746cb4e2159281adc74d6865f948e90ce1 | O55: https://raw.githubusercontent.com/worldbank/SPI/2dd02f746cb4e2159281adc74d6865f948e90ce1/03_output_data/SPI_index.csv | Q55: 0.005
A56: C055 | B56: Chapter 3 | C56: Rank recomputed among 188 economies | D56: Table 9 | E56: Georgia — rank | F56: 2024 | G56: 32 | H56: 03_output_data/SPI_index.csv | I56: rank(desc SPI.INDEX) | J56: 32 | K56: integer | L56: =IF(OR(G56="",J56=""),"",G56-J56) | M56: =IF(AND(ISNUMBER(G56),ISNUMBER(J56)),IF(ABS(G56-J56)<=Q56,"PASS","CHECK"),"N/A") | N56: 2dd02f746cb4e2159281adc74d6865f948e90ce1 | O56: https://raw.githubusercontent.com/worldbank/SPI/2dd02f746cb4e2159281adc74d6865f948e90ce1/03_output_data/SPI_index.csv | P56: Rank recomputed among the 188 economies with a non-missing SPI.INDEX value in 2024. | Q56: 0
A57: C056 | B57: Chapter 3 | C57: 2024 international comparison | D57: Table 9 | E57: Moldova — overall SPI | F57: 2024 | G57: 85.67 | H57: 03_output_data/SPI_index.csv | I57: SPI.INDEX | J57: 85.67 | K57: 2 decimals | L57: =IF(OR(G57="",J57=""),"",G57-J57) | M57: =IF(AND(ISNUMBER(G57),ISNUMBER(J57)),IF(ABS(G57-J57)<=Q57,"PASS","CHECK"),"N/A") | N57: 2dd02f746cb4e2159281adc74d6865f948e90ce1 | O57: https://raw.githubusercontent.com/worldbank/SPI/2dd02f746cb4e2159281adc74d6865f948e90ce1/03_output_data/SPI_index.csv | Q57: 0.005
A58: C057 | B58: Chapter 3 | C58: Rank recomputed among 188 economies | D58: Table 9 | E58: Moldova — rank | F58: 2024 | G58: 38 | H58: 03_output_data/SPI_index.csv | I58: rank(desc SPI.INDEX) | J58: 38 | K58: integer | L58: =IF(OR(G58="",J58=""),"",G58-J58) | M58: =IF(AND(ISNUMBER(G58),ISNUMBER(J58)),IF(ABS(G58-J58)<=Q58,"PASS","CHECK"),"N/A") | N58: 2dd02f746cb4e2159281adc74d6865f948e90ce1 | O58: https://raw.githubusercontent.com/worldbank/SPI/2dd02f746cb4e2159281adc74d6865f948e90ce1/03_output_data/SPI_index.csv | P58: Rank recomputed among the 188 economies with a non-missing SPI.INDEX value in 2024. | Q58: 0
A59: C058 | B59: Chapter 3 | C59: 2024 international comparison | D59: Table 9 | E59: Kazakhstan — overall SPI | F59: 2024 | G59: 84.89 | H59: 03_output_data/SPI_index.csv | I59: SPI.INDEX | J59: 84.89 | K59: 2 decimals | L59: =IF(OR(G59="",J59=""),"",G59-J59) | M59: =IF(AND(ISNUMBER(G59),ISNUMBER(J59)),IF(ABS(G59-J59)<=Q59,"PASS","CHECK"),"N/A") | N59: 2dd02f746cb4e2159281adc74d6865f948e90ce1 | O59: https://raw.githubusercontent.com/worldbank/SPI/2dd02f746cb4e2159281adc74d6865f948e90ce1/03_output_data/SPI_index.csv | Q59: 0.005
A60: C059 | B60: Chapter 3 | C60: Rank recomputed among 188 economies | D60: Table 9 | E60: Kazakhstan — rank | F60: 2024 | G60: 44 | H60: 03_output_data/SPI_index.csv | I60: rank(desc SPI.INDEX) | J60: 44 | K60: integer | L60: =IF(OR(G60="",J60=""),"",G60-J60) | M60: =IF(AND(ISNUMBER(G60),ISNUMBER(J60)),IF(ABS(G60-J60)<=Q60,"PASS","CHECK"),"N/A") | N60: 2dd02f746cb4e2159281adc74d6865f948e90ce1 | O60: https://raw.githubusercontent.com/worldbank/SPI/2dd02f746cb4e2159281adc74d6865f948e90ce1/03_output_data/SPI_index.csv | P60: Rank recomputed among the 188 economies with a non-missing SPI.INDEX value in 2024. | Q60: 0
A61: C060 | B61: Chapter 3 | C61: 2024 international comparison | D61: Table 9 | E61: Armenia — overall SPI | F61: 2024 | G61: 82.18 | H61: 03_output_data/SPI_index.csv | I61: SPI.INDEX | J61: 82.18 | K61: 2 decimals | L61: =IF(OR(G61="",J61=""),"",G61-J61) | M61: =IF(AND(ISNUMBER(G61),ISNUMBER(J61)),IF(ABS(G61-J61)<=Q61,"PASS","CHECK"),"N/A") | N61: 2dd02f746cb4e2159281adc74d6865f948e90ce1 | O61: https://raw.githubusercontent.com/worldbank/SPI/2dd02f746cb4e2159281adc74d6865f948e90ce1/03_output_data/SPI_index.csv | Q61: 0.005
A62: C061 | B62: Chapter 3 | C62: Rank recomputed among 188 economies | D62: Table 9 | E62: Armenia — rank | F62: 2024 | G62: 55 | H62: 03_output_data/SPI_index.csv | I62: rank(desc SPI.INDEX) | J62: 55 | K62: integer | L62: =IF(OR(G62="",J62=""),"",G62-J62) | M62: =IF(AND(ISNUMBER(G62),ISNUMBER(J62)),IF(ABS(G62-J62)<=Q62,"PASS","CHECK"),"N/A") | N62: 2dd02f746cb4e2159281adc74d6865f948e90ce1 | O62: https://raw.githubusercontent.com/worldbank/SPI/2dd02f746cb4e2159281adc74d6865f948e90ce1/03_output_data/SPI_index.csv | P62: Rank recomputed among the 188 economies with a non-missing SPI.INDEX value in 2024. | Q62: 0
A63: C062 | B63: Chapter 3 | C63: 2024 international comparison | D63: Table 9 | E63: Uzbekistan — overall SPI | F63: 2024 | G63: 81.49 | H63: 03_output_data/SPI_index.csv | I63: SPI.INDEX | J63: 81.49 | K63: 2 decimals | L63: =IF(OR(G63="",J63=""),"",G63-J63) | M63: =IF(AND(ISNUMBER(G63),ISNUMBER(J63)),IF(ABS(G63-J63)<=Q63,"PASS","CHECK"),"N/A") | N63: 2dd02f746cb4e2159281adc74d6865f948e90ce1 | O63: https://raw.githubusercontent.com/worldbank/SPI/2dd02f746cb4e2159281adc74d6865f948e90ce1/03_output_data/SPI_index.csv | Q63: 0.005
A64: C063 | B64: Chapter 3 | C64: Rank recomputed among 188 economies | D64: Table 9 | E64: Uzbekistan — rank | F64: 2024 | G64: 58 | H64: 03_output_data/SPI_index.csv | I64: rank(desc SPI.INDEX) | J64: 58 | K64: integer | L64: =IF(OR(G64="",J64=""),"",G64-J64) | M64: =IF(AND(ISNUMBER(G64),ISNUMBER(J64)),IF(ABS(G64-J64)<=Q64,"PASS","CHECK"),"N/A") | N64: 2dd02f746cb4e2159281adc74d6865f948e90ce1 | O64: https://raw.githubusercontent.com/worldbank/SPI/2dd02f746cb4e2159281adc74d6865f948e90ce1/03_output_data/SPI_index.csv | P64: Rank recomputed among the 188 economies with a non-missing SPI.INDEX value in 2024. | Q64: 0
A65: C064 | B65: 8.5 | C65: Conditional scenario | D65: Table 14 | E65: Baseline | F65: 2024 | G65: 81.49 | H65: Author recalculation | I65: SPI aggregation formulas | J65: 81.490833 | K65: 2 decimals | L65: =IF(OR(G65="",J65=""),"",G65-J65) | M65: =IF(AND(ISNUMBER(G65),ISNUMBER(J65)),IF(ABS(G65-J65)<=Q65,"PASS","CHECK"),"N/A") | N65: 2dd02f746cb4e2159281adc74d6865f948e90ce1 | O65: https://raw.githubusercontent.com/worldbank/SPI/2dd02f746cb4e2159281adc74d6865f948e90ce1/02_programs/02-SPI_index.Rmd | P65: Not an official forecast; based on the 2024 baseline value and conditional effects. | Q65: 0.005
A66: C065 | B66: 8.5 | C66: Conditional scenario | D66: Table 14 | E66: Conservative scenario | F66: 2024 | G66: 84.49 | H66: Author recalculation | I66: SPI aggregation formulas | J66: 84.4875 | K66: 2 decimals | L66: =IF(OR(G66="",J66=""),"",G66-J66) | M66: =IF(AND(ISNUMBER(G66),ISNUMBER(J66)),IF(ABS(G66-J66)<=Q66,"PASS","CHECK"),"N/A") | N66: 2dd02f746cb4e2159281adc74d6865f948e90ce1 | O66: https://raw.githubusercontent.com/worldbank/SPI/2dd02f746cb4e2159281adc74d6865f948e90ce1/02_programs/02-SPI_index.Rmd | P66: Not an official forecast; based on the 2024 baseline value and conditional effects. | Q66: 0.005
A67: C066 | B67: 8.5 | C67: Conditional scenario | D67: Table 14 | E67: Main scenario | F67: 2024 | G67: 87.82 | H67: Author recalculation | I67: SPI aggregation formulas | J67: 87.820833 | K67: 2 decimals | L67: =IF(OR(G67="",J67=""),"",G67-J67) | M67: =IF(AND(ISNUMBER(G67),ISNUMBER(J67)),IF(ABS(G67-J67)<=Q67,"PASS","CHECK"),"N/A") | N67: 2dd02f746cb4e2159281adc74d6865f948e90ce1 | O67: https://raw.githubusercontent.com/worldbank/SPI/2dd02f746cb4e2159281adc74d6865f948e90ce1/02_programs/02-SPI_index.Rmd | P67: Not an official forecast; based on the 2024 baseline value and conditional effects. | Q67: 0.005
A68: C067 | B68: 8.5 | C68: Conditional scenario | D68: Table 14 | E68: Extended scenario | F68: 2024 | G68: 89.85 | H68: Author recalculation | I68: SPI aggregation formulas | J68: 89.845833 | K68: 2 decimals | L68: =IF(OR(G68="",J68=""),"",G68-J68) | M68: =IF(AND(ISNUMBER(G68),ISNUMBER(J68)),IF(ABS(G68-J68)<=Q68,"PASS","CHECK"),"N/A") | N68: 2dd02f746cb4e2159281adc74d6865f948e90ce1 | O68: https://raw.githubusercontent.com/worldbank/SPI/2dd02f746cb4e2159281adc74d6865f948e90ce1/02_programs/02-SPI_index.Rmd | P68: Not an official forecast; based on the 2024 baseline value and conditional effects. | Q68: 0.005

Sheet Pillar_2023_2024
A1: Pillar | B1: 2023 | C1: 2024 | D1: Change | E1: Contribution to overall SPI
A2: P1 — Data Use | B2: 90 | C2: 90 | D2: 0 | E2: 0
A3: P2 — Data Services | B3: 76.633333 | C3: 79.133333 | D3: 2.5 | E3: 0.5
A4: P3 — Data Products | B4: 85.04375 | C4: 80.1125 | D4: -4.93125 | E4: -0.98625
A5: P4 — Data Sources | B5: 63.283333 | C5: 68.208333 | D5: 4.925 | E5: 0.985
A6: P5 — Data Infrastructure | B6: 95 | C6: 90 | D6: -5 | E6: -1
A7: Overall SPI | B7: 81.992083 | C7: 81.490833 | D7: -0.50125 | E7: -0.50125

Sheet History
A1: Year | B1: Overall SPI | C1: P1 | D1: P2 | E1: P3 | F1: P4 | G1: P5
A2: 2016 | B2: 37.7 | C2: 60 | D2: 4.1 | E2: 48.3 | F2: 36.2 | G2: 40
A3: 2018 | B3: 50.5 | C3: 60 | D3: 39.3 | E3: 50 | F3: 38.4 | G3: 65
A4: 2020 | B4: 67.8 | C4: 70 | D4: 74.1 | E4: 69.1 | F4: 45.9 | G4: 80
A5: 2021 | B5: 71.1 | C5: 70 | D5: 74.1 | E5: 78.7 | F5: 57.5 | G5: 75
A6: 2022 | B6: 75.8 | C6: 90 | D6: 76.6 | E6: 75.7 | F6: 61.6 | G6: 75
A7: 2023 | B7: 81.992083 | C7: 90 | D7: 76.633333 | E7: 85.04375 | F7: 63.283333 | G7: 95
A8: 2024 | B8: 81.490833 | C8: 90 | D8: 79.133333 | E8: 80.1125 | F8: 68.208333 | G8: 90

Sheet P3_SDG
A1: SDG | B1: Name | C1: WB_variable | D1: 2023 | E1: 2024 | F1: Change
A2: SDG 1 | B2: Poverty | C2: SPI.D3.1.POV | D2: 1 | E2: 1 | F2: 0
A3: SDG 2 | B3: Hunger | C3: SPI.D3.2.HNGR | D3: 0.7 | E3: 0.6 | F3: -0.1
A4: SDG 3 | B4: Health | C4: SPI.D3.3.HLTH | D4: 0.84 | E4: 0.76 | F4: -0.08
A5: SDG 4 | B5: Education | C5: SPI.D3.4.EDUC | D5: 1 | E5: 1 | F5: 0
A6: SDG 5 | B6: Gender | C6: SPI.D3.5.GEND | D6: 0.5 | E6: 0.5 | F6: 0
A7: SDG 6 | B7: Water | C7: SPI.D3.6.WTRS | D7: 1 | E7: 1 | F7: 0
A8: SDG 7 | B8: Energy | C8: SPI.D3.7.ENRG | D8: 0.944 | E8: 0.944 | F8: 0
A9: SDG 8 | B9: Work | C9: SPI.D3.8.WORK | D9: 0.75 | E9: 0.75 | F9: 0
A10: SDG 9 | B10: Industry | C10: SPI.D3.9.INDY | D10: 1 | E10: 0.9 | F10: -0.1
A11: SDG 10 | B11: Inequality | C11: SPI.D3.10.INEQ | D11: 0.75 | E11: 0.75 | F11: 0
A12: SDG 11 | B12: Cities | C12: SPI.D3.11.CITY | D12: 1 | E12: 0.75 | F12: -0.25
A13: SDG 12 | B13: Consumption | C13: SPI.D3.12.CNSP | D13: 1 | E13: 0.8 | F13: -0.2
... A17: SDG 17 | B17: Partnerships | C17: SPI.D3.17.PTRN | D17: 0.933 | E17: 0.933 | F17: 0

Sheet P4
A1: Component | B1: WB_variable | C1: 2023 | D1: 2024 | E1: Change
A2: Censuses | B2: SPI.DIM4.1.CEN.INDEX | C2: 0.333333 | D2: 0.333333 | E2: 0
A3: Surveys | B3: SPI.DIM4.1.SVY.INDEX | C3: 0.8 | D3: 0.8 | E3: 0
A4: Administrative data | B4: SPI.DIM4.2.INDEX | C4: 1 | D4: 1 | E4: 0
A5: Geospatial data | B5: SPI.DIM4.3.INDEX | C5: 0.398 | D5: 0.595 | E5: 0.197

Sheet P5
A1: Indicator | B1: WB_variable | C1: 2023 | D1: 2024 | E1: Change
A2: System of National Accounts standard (SNA) | B2: SPI.D5.2.1.SNAU | C2: 1 | D2: 1 | E2: 0
A3: National accounts base year | B3: SPI.D5.2.2.NABY | C3: 1 | D3: 1 | E3: 0
A4: National industrial classification (ISIC) | B4: SPI.D5.2.3.CNIN | C4: 1 | D4: 1 | E4: 0
A5: CPI base year | B5: SPI.D5.2.4.CPIBY | C5: 1 | D5: 0.5 | E5: -0.5
A6: COICOP | B6: SPI.D5.2.5.HOUS | C6: 1 | D6: 1 | E6: 0
A7: ICSE | B7: SPI.D5.2.6.EMPL | C7: 1 | D7: 1 | E7: 0
A8: Central government accounting | B8: SPI.D5.2.7.CGOV | C8: 0.5 | D8: 0.5 | E8: 0
A9: GFSM 2014 | B9: SPI.D5.2.8.FINA | C9: 1 | D9: 1 | E9: 0
A10: MFSM 2000 | B10: SPI.D5.2.9.MONY | C10: 1 | D10: 1 | E10: 0
A11: GSBPM | B11: SPI.D5.2.10.GSBP | C11: 1 | D11: 1 | E11: 0

Sheet International_2024
A1: Country | B1: ISO3 | C1: SPI | D1: P1 | E1: P2 | F1: P3 | G1: P4 | H1: P5 | I1: Rank | J1: 23→24
A2: Norway | B2: NOR | C2: 94.14 | D2: 100 | E2: 98.6 | F2: 84 | G2: 88.1 | H2: 100 | I2: 1 | J2: -0.4
A3: Korea, Rep. | B3: KOR | C3: 91.57 | D3: 100 | E3: 96.1 | F3: 87.7 | G3: 79 | H3: 95 | I3: 7 | J3: 0.1
A4: Finland | B4: FIN | C4: 90.37 | D4: 100 | E4: 98.2 | F4: 81.6 | G4: 87.1 | H4: 85 | I4: 16 | J4: -4.7
A5: Georgia | B5: GEO | C5: 87.72 | D5: 100 | E5: 93.8 | F5: 83.7 | G5: 81.1 | H5: 80 | I5: 32 | J5: -1.6
A6: Moldova | B6: MDA | C6: 85.67 | D6: 100 | E6: 96 | F6: 79.5 | G6: 67.9 | H6: 85 | I6: 38 | J6: -0.4
A7: Kazakhstan | B7: KAZ | C7: 84.89 | D7: 100 | E7: 90.1 | F7: 79.2 | G7: 80.2 | H7: 75 | I7: 44 | J7: 2.1
A8: Armenia | B8: ARM | C8: 82.18 | D8: 90 | E8: 86.2 | F8: 82.8 | G8: 71.9 | H8: 80 | I8: 55 | J8: -1.2
A9: Uzbekistan | B9: UZB | C9: 81.49 | D9: 90 | E9: 79.1 | F9: 80.1 | G9: 68.2 | H9: 90 | I9: 58 | J9: -0.5

Sheet Scenarios
A1: Scenario | B1: Condition | C1: Overall SPI
A2: Baseline | B2: Actual 2024 value | C2: 81.490833
A3: Conservative scenario | B3: CPI + LFS + census Scenario B | C3: 84.4875
A4: Main scenario | B4: Above + SDDS | C4: 87.820833
A5: Extended scenario | B5: Above + geospatial indicator reaching 1.0 | C5: 89.845833
A7: Note
A8: Computation | B8: Final values are computed using unrounded intermediate effect values.
A9: Interpretation | B9: This is not an official forecast; it is a conditional scenario based on the SPI aggregation formula.

Sheet Dashboard
A1: Uzbekistan SPI v4.0 — audit dashboard
A4: Indicator | B4: Value | D4: Indicator | E4: Value
A5: SPI 2023 | B5: =Pillar_2023_2024!B7 | D5: 2024 global rank | E5: 58
A6: SPI 2024 | B6: =Pillar_2023_2024!C7 | D6: P3 change | E6: =Pillar_2023_2024!D4
A7: Change | B7: =Pillar_2023_2024!D7 | D7: P4 change | E7: =Pillar_2023_2024!D5
D8: P5 change | E8: =Pillar_2023_2024!D6
A10: Conditional scenarios
A11: Scenario | B11: Condition | C11: SPI
A12: Baseline | B12: Actual 2024 value | C12: 81.490833
A13: Conservative scenario | B13: CPI + LFS + census Scenario B | C13: 84.4875
A14: Main scenario | B14: Above + SDDS | C14: 87.820833
A15: Extended scenario | B15: Above + geospatial indicator reaching 1.0 | C15: 89.845833
A17: Audit source
A18: Release | B18: v4.0 — 202511 SPI Update
A19: Commit | B19: 2dd02f746cb4e2159281adc74d6865f948e90ce1
A20: URL | B20: https://raw.githubusercontent.com/worldbank/SPI/2dd02f746cb4e2159281adc74d6865f948e90ce1/03_output_data/SPI_index.csv
